Group No;Group Name;Name;Sub Name;Repeater Call Sign;Gateway Call Sign;Frequency;Dup;Offset;Mode;TONE;Repeater Tone;RPT1USE;Position;Latitude;Longitude;UTC Offset;
48;Poland;Wolin;JO73HU;SR0WW;;438,825000;DUP-;7,600000;FM;TONE;82,5Hz;Yes;Approximate;53,840000;14,610000;+1:00;438,82500000
48;Poland;Czartoryja;JO72FW;SR1CH;;145,787500;DUP-;0,600000;FM;TONE;82,5Hz;Yes;Approximate;;;+1:00;145,78750000
48;Poland;Kolobrzeg;JO74SE;SR1G;;145,625000;DUP-;0,600000;FM;TONE;88,5Hz;Yes;Approximate;54,170000;15,550000;+1:00;145,62500000
48;Poland;Stargard;JO73MI;SR1K;;145,700000;DUP-;0,600000;FM;TONE;82,5Hz;Yes;Approximate;53,340000;15,020000;+1:00;145,70000000
48;Poland;KoszalinGoraChelmska;JO84CE;SR1KN;;438,675000;DUP-;7,600000;FM;OFF;;Yes;Approximate;54,200000;16,220000;+1:00;438,67500000
48;Poland;Koszalin;JO84CE;SR1N;;145,675000;DUP-;0,600000;FM;OFF;;Yes;Approximate;54,200000;16,170000;+1:00;145,67500000
48;Poland;Resko;JO73QS;SR1RE;;439,150000;DUP-;7,600000;FM;TONE;88,5Hz;Yes;Approximate;53,770000;15,400000;+1:00;439,15000000
48;Poland;Trzebiatow;JO74PB;SR1RG;;438,875000;DUP-;7,600000;FM;TONE;82,5Hz;Yes;Approximate;54,050000;15,250000;+1:00;438,87500000
48;Poland;Szczecin;JO73GL;SR1SZ;;439,075000;DUP-;7,600000;FM;TONE;82,5Hz;Yes;Approximate;53,450000;14,530000;+1:00;439,07500000
48;Poland;Swinoujscie;JO73DV;SR1UVH;;439,025000;DUP-;7,600000;DV;OFF;;Yes;Approximate;53,900000;14,250000;+1:00;439,02500000
48;Poland;Swinoujscie;JO73DV;SR1W;;145,612500;DUP-;0,600000;FM;TONE;82,5Hz;Yes;Approximate;53,900000;14,250000;+1:00;145,61250000
48;Poland;Walcz;JO83FG;SR1WA;;439,400000;DUP-;7,600000;FM;TONE;82,5Hz;Yes;Approximate;53,270000;16,480000;+1:00;439,40000000
48;Poland;Swinoujscie;JO73CV;SR1WU;;438,725000;DUP-;7,600000;FM;TONE;82,5Hz;Yes;Approximate;53,900000;14,240000;+1:00;438,72500000
48;Poland;Kolowo;JO73II;SR1Z;;145,637500;DUP-;0,600000;FM;TONE;82,5Hz;Yes;Approximate;53,330000;14,670000;+1:00;145,63750000
48;Poland;Kolowo;JO73II;SR1ZK  B;SR1ZK  G;439,300000;DUP-;7,600000;DV;OFF;;Yes;Approximate;53,330000;14,670000;+1:00;439,30000000
48;Poland;Bydgoszcz;JO93AC;SR2BG;;145,725000;DUP-;0,600000;FM;TONE;67,0Hz;Yes;Approximate;53,110000;18,030000;+1:00;145,72500000
48;Poland;BoryTucholskie;JO93AN;SR2BT;;439,100000;DUP-;7,600000;FM;TONE;77,0Hz;Yes;Approximate;53,540000;18,060000;+1:00;439,10000000
48;Poland;Bytow;JO84RE;SR2BW;;438,700000;DUP-;7,600000;FM;OFF;;Yes;Approximate;54,180000;17,490000;+1:00;438,70000000
48;Poland;Chwaszczyno;JO94FK;SR2C;;145,600000;DUP-;0,600000;FM;TONE;94,8Hz;Yes;Approximate;54,450000;18,430000;+1:00;145,60000000
48;Poland;Elblag;JO94RD;SR2EL;;439,550000;DUP-;7,600000;FM;TONE;94,8Hz;Yes;Approximate;54,130000;19,450000;+1:00;439,55000000
48;Poland;JablowoPaluckie;JO82WW;SR2FM;;439,537500;DUP-;7,600000;FM;TONE;74,4Hz;Yes;Approximate;52,910000;17,830000;+1:00;439,53750000
48;Poland;Wladyslawowo;JO94ES;SR2GA;;438,975000;DUP-;7,600000;FM;TONE;94,8Hz;Yes;Approximate;54,770000;18,410000;+1:00;438,97500000
48;Poland;Gdansk;JO94HI;SR2GD;;439,075000;DUP-;7,600000;FM;TONE;94,8Hz;Yes;Approximate;54,340000;18,660000;+1:00;439,07500000
48;Poland;Gdansk;JO94HI;SR2GD  B;SR2GD  G;439,087500;DUP-;7,600000;FM;TONE;94,8Hz;Yes;Approximate;54,340000;18,660000;+1:00;439,08750000
48;Poland;PruszczGdanski;JO94GF;SR2GDA;;439,350000;DUP-;7,600000;FM;TONE;94,8Hz;Yes;Approximate;54,240000;18,540000;+1:00;439,35000000
48;Poland;Gniewino;JO94AR;SR2GN;;439,325000;DUP-;7,600000;FM;TONE;94,8Hz;Yes;Approximate;54,710000;18,050000;+1:00;439,32500000
48;Poland;Grudziadz;JO93JL;SR2GR;;439,200000;DUP-;7,600000;FM;TONE;94,8Hz;Yes;Approximate;53,480000;18,750000;+1:00;439,20000000
48;Poland;Chwaszczyno;JO94FK;SR2GS;;438,550000;DUP-;7,600000;FM;TONE;94,8Hz;Yes;Approximate;54,450000;18,430000;+1:00;438,55000000
48;Poland;Chwaszczyno;JO94FK;SR2GT;;439,025000;DUP-;7,600000;FM;TONE;94,8Hz;Yes;Approximate;54,450000;18,430000;+1:00;439,02500000
48;Poland;JablowoPaluckie;JO82WW;SR2J;;145,750000;DUP-;0,600000;FM;TONE;74,4Hz;Yes;Approximate;52,910000;17,830000;+1:00;145,75000000
48;Poland;JablowoPaluckie;JO82WW;SR2JJ;;439,162500;DUP-;7,600000;FM;TONE;74,4Hz;Yes;Approximate;52,910000;17,830000;+1:00;439,16250000
48;Poland;Torun;JO93HB;SR2K;;145,712500;DUP-;0,600000;FM;TONE;88,5Hz;Yes;Approximate;53,040000;18,620000;+1:00;145,71250000
48;Poland;Wiezyca;JO94BF;SR2KU;;439,425000;DUP-;7,600000;FM;TONE;94,8Hz;Yes;Approximate;54,200000;18,110000;+1:00;439,42500000
48;Poland;Kwidzyn;JO93LR;SR2KY;;439,250000;DUP-;7,600000;FM;TONE;88,5Hz;Yes;Approximate;53,710000;18,950000;+1:00;439,25000000
48;Poland;Paslek;JO94TB;SR2PA;;439,300000;DUP-;7,600000;FM;TONE;94,8Hz;Yes;Approximate;54,060000;19,650000;+1:00;439,30000000
48;Poland;Brodnica;JO93QG;SR2PB;;145,737500;DUP-;0,600000;FM;TONE;88,5Hz;Yes;Approximate;;;+1:00;145,73750000
48;Poland;Slupsk;JO84LL;SR2SL;;438,750000;DUP-;7,600000;FM;OFF;;Yes;Approximate;54,460000;16,980000;+1:00;438,75000000
48;Poland;Torun;JO93HA;SR2SWR;;438,775000;DUP-;7,600000;FM;TONE;88,5Hz;Yes;Approximate;53,010000;18,600000;+1:00;438,77500000
48;Poland;Torun;JO93IA;SR2T;;145,775000;DUP-;0,600000;FM;OFF;;Yes;Approximate;53,020000;18,680000;+1:00;145,77500000
48;Poland;Bydgoszcz;JO93BD;SR2UVF;;438,937500;DUP-;7,600000;DV;OFF;;Yes;Approximate;53,140000;18,130000;+1:00;438,93750000
48;Poland;Chwaszczyno;JO94FK;SR2UVG B;SR2UVG G;438,687500;DUP-;7,600000;DV;OFF;;Yes;Approximate;54,450000;18,430000;+1:00;438,68750000
48;Poland;Wloclawek;JO92MP;SR2UVO;;438,962500;DUP-;7,600000;DV;OFF;;Yes;Approximate;52,640000;19,050000;+1:00;438,96250000
48;Poland;JablowoPaluckie;JO82WW;SR2UVV B;SR2UVV G;439,362500;DUP-;7,600000;DV;OFF;;Yes;Approximate;52,910000;17,830000;+1:00;439,36250000
48;Poland;Szubin;JO83VA;SR2VV;;439,137500;DUP-;7,600000;FM;TONE;74,4Hz;Yes;Approximate;53,010000;17,760000;+1:00;439,13750000
48;Poland;Szubin;JO83VA;SR2VV  B;SR2VV  G;145,587500;DUP-;0,600000;DV;OFF;;Yes;Approximate;53,010000;17,760000;+1:00;145,58750000
48;Poland;Szubin;JO83VA;SR2VVV;;439,337500;DUP-;7,600000;DV;OFF;;Yes;Approximate;53,010000;17,760000;+1:00;439,33750000
48;Poland;Szubin;JO83VA;SR2VVV B;SR2VVV G;438,812500;DUP-;7,600000;DV;OFF;;Yes;Approximate;53,010000;17,760000;+1:00;438,81250000
48;Poland;Wloclawek;JO92MP;SR2WL;;439,025000;DUP-;7,600000;FM;TONE;82,5Hz;Yes;Approximate;52,660000;19,040000;+1:00;439,02500000
48;Poland;GdyniaOksywie;JO94GN;SR2Z;;145,650000;DUP-;0,600000;FM;TONE;94,8Hz;Yes;Approximate;54,540000;18,530000;+1:00;145,65000000
48;Poland;OstrowWielkopolski;JO81VP;SR3DOS;;438,287500;DUP-;7,600000;DV;OFF;;Yes;Approximate;51,650000;17,790000;+1:00;438,28750000
48;Poland;GorzowWielkopolski;JO72OR;SR3G;;145,750000;DUP-;0,600000;FM;TONE;77,0Hz;Yes;Approximate;52,730000;15,210000;+1:00;145,75000000
48;Poland;GorzowWielkopolski;JO72OR;SR3GO;;439,175000;DUP-;7,600000;FM;TONE;77,0Hz;Yes;Approximate;52,730000;15,210000;+1:00;439,17500000
48;Poland;GorzowWielkopolski;JO72PR;SR3GW;;438,950000;DUP-;7,600000;FM;TONE;77,0Hz;Yes;Approximate;52,740000;15,270000;+1:00;438,95000000
48;Poland;Jarocin;JO81RX;SR3JA;;438,975000;DUP-;7,600000;FM;TONE;110,9Hz;Yes;Approximate;51,960000;17,490000;+1:00;438,97500000
48;Poland;Kalisz;JO91AS;SR3K;;145,750000;DUP-;0,600000;FM;OFF;;Yes;Approximate;51,760000;18,080000;+1:00;145,75000000
48;Poland;Kolo;JO92HF;SR3KH;;438,800000;DUP-;7,600000;FM;OFF;;Yes;Approximate;52,200000;18,620000;+1:00;438,80000000
48;Poland;Leszno;JO81HU;SR3L;;145,775000;DUP-;0,600000;FM;TONE;103,5Hz;Yes;Approximate;51,840000;16,590000;+1:00;145,77500000
48;Poland;Leszno;JO81HU;SR3LS;;439,275000;DUP-;7,600000;FM;TONE;103,5Hz;Yes;Approximate;51,840000;16,590000;+1:00;439,27500000
48;Poland;Leszno;JO81HU;SR3MDW;;439,225000;DUP-;7,600000;FM;TONE;103,5Hz;Yes;Approximate;51,840000;16,590000;+1:00;439,22500000
48;Poland;Pila;JO83ID;SR3N;;145,687500;DUP-;0,600000;FM;TONE;110,9Hz;Yes;Approximate;53,140000;16,710000;+1:00;145,68750000
48;Poland;OstrowWielkopolski;JO81VP;SR3O;;145,725000;DUP-;0,600000;FM;TONE;103,5Hz;Yes;Approximate;51,640000;17,810000;+1:00;145,72500000
48;Poland;PoznanDebiec;JO82KI;SR3P;;145,650000;DUP-;0,600000;FM;TONE;110,9Hz;Yes;Approximate;52,370000;16,900000;+1:00;145,65000000
48;Poland;Pobiedziska;JO82PL;SR3PB;;438,875000;DUP-;7,600000;FM;TONE;110,9Hz;Yes;Approximate;52,470000;17,270000;+1:00;438,87500000
48;Poland;Pila;JO83ID;SR3PI;;439,050000;DUP-;7,600000;FM;TONE;67,0Hz;Yes;Approximate;;;+1:00;439,05000000
48;Poland;Poznan;JO82LJ;SR3PO;;439,200000;DUP-;7,600000;FM;TONE;110,9Hz;Yes;Approximate;52,400000;16,920000;+1:00;439,20000000
48;Poland;Slomowo;JO82LQ;SR3PX;;438,900000;DUP-;7,600000;FM;TONE;110,9Hz;Yes;Approximate;52,680000;16,940000;+1:00;438,90000000
48;Poland;Swiebodzin;JO72RF;SR3SN;;439,100000;DUP-;7,600000;FM;TONE;100,0Hz;Yes;Approximate;52,240000;15,490000;+1:00;439,10000000
48;Poland;Malanow;JO91EX;SR3T;;145,637500;DUP-;0,600000;FM;TONE;110,9Hz;Yes;Approximate;51,960000;18,410000;+1:00;145,63750000
48;Poland;Leszno;JO81HU;SR3UVL;;439,237500;DUP-;7,600000;DV;OFF;;Yes;Approximate;51,840000;16,590000;+1:00;439,23750000
48;Poland;Wolsztyn;JO82BC;SR3WT;;439,325000;DUP-;7,600000;FM;TONE;110,9Hz;Yes;Approximate;52,110000;16,110000;+1:00;439,32500000
48;Poland;Poznan;JO82KL;SR3X;;145,762500;DUP-;0,600000;FM;TONE;110,9Hz;Yes;Approximate;52,450000;16,900000;+1:00;145,76250000
48;Poland;PoznanSrem;JO82LC;SR3XXX;;438,700000;DUP-;7,600000;FM;TONE;110,9Hz;Yes;Approximate;52,110000;16,980000;+1:00;438,70000000
48;Poland;ZielonaGora;JO71SW;SR3Z;;145,712500;DUP-;0,600000;FM;TONE;71,9Hz;Yes;Approximate;51,930000;15,520000;+1:00;145,71250000
48;Poland;ZielonaGora;JO71RW;SR3ZG;;439,075000;DUP-;7,600000;FM;TONE;203,5Hz;Yes;Approximate;51,920000;15,480000;+1:00;439,07500000
48;Poland;Jemiolow;JO72PI;SR3ZJ;;438,750000;DUP-;7,600000;FM;TONE;79,7Hz;Yes;Approximate;52,340000;15,270000;+1:00;438,75000000
48;Poland;ZielonaGora;JO71SW;SR3ZX;;439,350000;DUP-;7,600000;DV;OFF;;Yes;Approximate;51,930000;15,520000;+1:00;439,35000000
48;Poland;Juchnowiec;KO13NA;SR4BI;;438,462500;DUP-;7,600000;FM;TONE;67,0Hz;Yes;Approximate;53,010000;23,130000;+1:00;438,46250000
48;Poland;Bialystok;KO13ND;SR4BS;;439,025000;DUP-;7,600000;FM;TONE;67,0Hz;Yes;Approximate;53,130000;23,130000;+1:00;439,02500000
48;Poland;Milki;KO03WW;SR4D;;145,787500;DUP-;0,600000;FM;TONE;67,0Hz;Yes;Approximate;53,930000;21,840000;+1:00;145,78750000
48;Poland;GoraDylewska;JO93XN;SR4DGT;;438,575000;DUP-;7,600000;FM;TONE;67,0Hz;Yes;Approximate;53,540000;19,940000;+1:00;438,57500000
48;Poland;Podlesna;KO03FW;SR4DM;;438,300000;DUP-;7,600000;FM;TONE;67,0Hz;Yes;Approximate;53,930000;20,490000;+1:00;438,30000000
48;Poland;GoraDylewska;JO93XN;SR4J;;145,625000;DUP-;0,600000;FM;TONE;67,0Hz;Yes;Approximate;53,540000;19,940000;+1:00;145,62500000
48;Poland;Lomza;KO13BD;SR4LO;;439,100000;DUP-;7,600000;FM;TONE;67,0Hz;Yes;Approximate;53,150000;22,090000;+1:00;439,10000000
48;Poland;LUBAWA;JO93VL;SR4LU;;439,375000;DUP-;7,600000;FM;TONE;67,0Hz;Yes;Approximate;;;+1:00;439,37500000
48;Poland;Milki;KO03WW;SR4MI;;438,750000;DUP-;7,600000;FM;TONE;67,0Hz;Yes;Approximate;53,930000;21,840000;+1:00;438,75000000
48;Poland;SR4MO;JO93XV;SR4MO;;438,450000;DUP-;7,600000;FM;TONE;67,0Hz;Yes;Approximate;53,910000;19,920000;+1:00;438,45000000
48;Poland;Mragowo;KO03PU;SR4MR;;439,150000;DUP-;7,600000;FM;TONE;67,0Hz;Yes;Approximate;53,860000;21,290000;+1:00;439,15000000
48;Poland;Mragowo;KO03PU;SR4MWO;;438,150000;DUP-;7,600000;FM;TONE;67,0Hz;Yes;Approximate;53,860000;21,280000;+1:00;438,15000000
48;Poland;Olsztyn;KO03GS;SR4O;;145,725000;DUP-;0,600000;FM;TONE;67,0Hz;Yes;Approximate;53,770000;20,510000;+1:00;145,72500000
48;Poland;Olsztyn;KO03FS;SR4ON;;438,675000;DUP-;7,600000;FM;TONE;67,0Hz;Yes;Approximate;53,770000;20,490000;+1:00;438,67500000
48;Poland;Ostroda;JO93XQ;SR4OS;;438,400000;DUP-;7,600000;FM;TONE;67,0Hz;Yes;Approximate;53,690000;19,960000;+1:00;438,40000000
48;Poland;Paslek;JO94TB;SR4PAS;;439,000000;DUP-;7,600000;FM;TONE;94,8Hz;Yes;Approximate;54,050000;19,650000;+1:00;439,00000000
48;Poland;Bialystok;KO13OD;SR4RS;;145,700000;DUP-;0,600000;FM;TONE;67,0Hz;Yes;Approximate;53,130000;23,170000;+1:00;145,70000000
48;Poland;Sokolka;KO13RJ;SR4S;;145,575000;DUP-;0,600000;FM;TONE;67,0Hz;Yes;Approximate;53,400000;23,480000;+1:00;145,57500000
48;Poland;Sokolka;KO13RJ;SR4SA;;439,375000;DUP-;7,600000;FM;TONE;67,0Hz;Yes;Approximate;53,400000;23,480000;+1:00;439,37500000
48;Poland;Szczytno;KO03MN;SR4SN;;438,875000;DUP-;7,600000;DV;TONE;67,0Hz;Yes;Approximate;53,560000;21,000000;+1:00;438,87500000
48;Poland;Jeleniewo;KO14KE;SR4SU;;438,800000;DUP-;7,600000;FM;TONE;67,0Hz;Yes;Approximate;54,190000;22,870000;+1:00;438,80000000
48;Poland;Suwalki;KO14LC;SR4SUU;;438,900000;DUP-;7,600000;FM;OFF;;Yes;Approximate;54,090000;22,920000;+1:00;438,90000000
48;Poland;Bialystok;KO13ND;SR4UBI;;439,425000;DUP-;7,600000;DV;OFF;;Yes;Approximate;53,130000;23,130000;+1:00;439,42500000
48;Poland;Giby;KO14QA;SR4UG;;438,775000;DUP-;7,600000;DV;OFF;;Yes;Approximate;;;+1:00;438,77500000
48;Poland;GoraDylewska;JO93XN;SR4UVD;;439,512500;DUP-;7,600000;DV;OFF;;Yes;Approximate;53,540000;19,940000;+1:00;439,51250000
48;Poland;Paslek;JO94TB;SR4UVE;;438,600000;DUP-;7,600000;FM;TONE;94,8Hz;Yes;Approximate;54,040000;19,620000;+1:00;438,60000000
48;Poland;Milki;KO03WW;SR4UVM;;439,487500;DUP-;7,600000;DV;OFF;;Yes;Approximate;53,930000;21,840000;+1:00;439,48750000
48;Poland;Olsztyn;KO03FS;SR4UVN;;439,462500;DUP-;7,600000;DV;OFF;;Yes;Approximate;53,770000;20,490000;+1:00;439,46250000
48;Poland;Juchnowiec;KO13NA;SR4X;;145,600000;DUP-;0,600000;FM;TONE;67,0Hz;Yes;Approximate;53,010000;23,130000;+1:00;145,60000000
48;Poland;Ciechanow;KO02HV;SR5CI;;438,437500;DUP-;7,600000;FM;TONE;127,3Hz;Yes;Approximate;52,880000;20,600000;+1:00;438,43750000
48;Poland;Garwolin;KO01TV;SR5FWG;;438,250000;DUP-;7,600000;FM;TONE;127,3Hz;Yes;Approximate;51,900000;21,610000;+1:00;438,25000000
48;Poland;GrodziskMazowiecki;KO02HC;SR5GM;;439,225000;DUP-;7,600000;FM;TONE;127,3Hz;Yes;Approximate;;;+1:00;439,22500000
48;Poland;Zamczysko;KO02GH;SR5KPN;;438,200000;DUP-;7,600000;FM;TONE;127,3Hz;Yes;Approximate;52,290000;20,530000;+1:00;438,20000000
48;Poland;MinskMazowiecki;KO02SE;SR5MM;;438,950000;DUP-;7,600000;FM;TONE;127,3Hz;Yes;Approximate;52,170000;21,550000;+1:00;438,95000000
48;Poland;NowyDworMazowiecki;KO02IK;SR5ND;;439,425000;DUP-;7,600000;FM;TONE;127,3Hz;Yes;Approximate;52,440000;20,700000;+1:00;439,42500000
48;Poland;Cybulin;KO02AL;SR5NRD;;438,975000;DUP-;7,600000;FM;TONE;127,3Hz;Yes;Approximate;52,480000;20,060000;+1:00;438,97500000
48;Poland;Ostroleka;KO03SB;SR5O;;145,675000;DUP-;0,600000;FM;TONE;127,3Hz;Yes;Approximate;53,080000;21,560000;+1:00;145,67500000
48;Poland;Kadzidlo;KO03RF;SR5OK;;439,262500;DUP-;7,600000;DV;OFF;;Yes;Approximate;53,230000;21,450000;+1:00;439,26250000
48;Poland;Ostroleka;KO03SB;SR5OS;;439,050000;DUP-;7,600000;FM;TONE;67,0Hz;Yes;Approximate;53,080000;21,560000;+1:00;439,05000000
48;Poland;Plock;JO92UN;SR5P;;145,725000;DUP-;0,600000;FM;TONE;127,3Hz;Yes;Approximate;52,540000;19,710000;+1:00;145,72500000
48;Poland;Plock;JO92UN;SR5PL;;439,125000;DUP-;7,600000;FM;TONE;127,3Hz;Yes;Approximate;52,540000;19,710000;+1:00;439,12500000
48;Poland;Pruszkow;KO02JD;SR5PR;;439,175000;DUP-;7,600000;FM;OFF;;Yes;Approximate;52,150000;20,810000;+1:00;439,17500000
48;Poland;Pruszkow;KO02JD;SR5R;;145,600000;DUP-;0,600000;FM;TONE;127,3Hz;Yes;Approximate;52,150000;20,810000;+1:00;145,60000000
48;Poland;Radom;KO01NI;SR5RA;;438,925000;DUP-;7,600000;FM;TONE;118,8Hz;Yes;Approximate;51,350000;21,090000;+1:00;438,92500000
48;Poland;Radom;KO01NJ;SR5RAD;;145,787500;DUP-;0,600000;FM;TONE;118,8Hz;Yes;Approximate;51,400000;21,110000;+1:00;145,78750000
48;Poland;KozlowiecPrzysucha;KO01GI;SR5RK;;438,750000;DUP-;7,600000;DV;TONE;118,8Hz;Yes;Approximate;51,350000;20,570000;+1:00;438,75000000
48;Poland;WarszawaMokotow;KO02ME;SR5RR;;439,275000;DUP-;7,600000;FM;TONE;127,3Hz;Yes;Approximate;52,170000;21,050000;+1:00;439,27500000
48;Poland;Siedlce;KO12DE;SR5S;;145,612500;DUP-;0,600000;FM;TONE;127,3Hz;Yes;Approximate;52,170000;22,270000;+1:00;145,61250000
48;Poland;Siedlce;KO12DE;SR5SE;;438,750000;DUP-;7,600000;FM;TONE;127,3Hz;Yes;Approximate;52,170000;22,270000;+1:00;438,75000000
48;Poland;WarszawaUrsus;KO02KE;SR5U;;145,775000;DUP-;0,600000;FM;OFF;;Yes;Approximate;52,190000;20,880000;+1:00;145,77500000
48;Poland;Ostroleka;KO03SB;SR5UOS;;438,912500;DUP-;7,600000;DV;OFF;;Yes;Approximate;53,080000;21,560000;+1:00;438,91250000
48;Poland;WarszawaUrsus;KO02KE;SR5UR;;439,300000;DUP-;7,600000;FM;TONE;127,3Hz;Yes;Approximate;52,190000;20,880000;+1:00;439,30000000
48;Poland;Radom;KO01NJ;SR5UVR B;SR5UVR G;438,525000;DUP-;7,600000;DV;OFF;;Yes;Approximate;51,400000;21,150000;+1:00;438,52500000
48;Poland;Rozan;KO02QV;SR5VW;;438,825000;DUP-;7,600000;FM;TONE;67,0Hz;Yes;Approximate;52,880000;21,400000;+1:00;438,82500000
48;Poland;WarszawaKaweczyn;KO02NG;SR5W;;145,750000;DUP-;0,600000;FM;TONE;127,3Hz;Yes;Approximate;52,260000;21,120000;+1:00;145,75000000
48;Poland;MosznaParcelaPruszkow;KO02IE;SR5WC;;438,600000;DUP-;7,600000;DV;OFF;;Yes;Approximate;52,170000;20,740000;+1:00;438,60000000
48;Poland;MosznaParcelaPruszkow;KO02IE;SR5WP;;438,625000;DUP-;7,600000;FM;TONE;127,3Hz;Yes;Approximate;52,170000;20,740000;+1:00;438,62500000
48;Poland;MosznaParcelaPruszkow;KO02IE;SR5WZ;;439,000000;DUP-;7,600000;FM;TONE;127,3Hz;Yes;Approximate;52,170000;20,740000;+1:00;439,00000000
48;Poland;Warszawa;KO02LG;SR5ZIP;;439,250000;DUP-;7,600000;FM;TONE;127,3Hz;Yes;Approximate;52,280000;20,940000;+1:00;439,25000000
48;Poland;Zuromin;JO93WB;SR5ZU;;438,700000;DUP-;7,600000;FM;TONE;88,5Hz;Yes;Approximate;53,060000;19,880000;+1:00;438,70000000
48;Poland;Wroclaw;JO81MC;SR6ACZ;;438,950000;DUP-;7,600000;FM;TONE;103,5Hz;Yes;Approximate;51,110000;17,060000;+1:00;438,95000000
48;Poland;Dzialoszyn;JO70LX;SR6B;;145,762500;DUP-;0,600000;FM;TONE;77,0Hz;Yes;Approximate;50,970000;14,940000;+1:00;145,76250000
48;Poland;Boleslawiec;JO71SG;SR6C;;439,250000;DUP-;7,600000;FM;TONE;67,0Hz;Yes;Approximate;51,260000;15,560000;+1:00;439,25000000
48;Poland;Dalachow;JO91GB;SR6DA;;439,137500;DUP-;7,600000;FM;OFF;;Yes;Approximate;51,070000;18,570000;+1:00;439,13750000
48;Poland;Krapkowice;JO80XL;SR6DKB;;438,262500;DUP-;7,600000;DV;OFF;;Yes;Approximate;50,480000;17,960000;+1:00;438,26250000
48;Poland;Strzelin;JO80NS;SR6DST;;145,687500;DUP-;0,600000;FM;TONE;123,0Hz;Yes;Approximate;50,770000;17,080000;+1:00;145,68750000
48;Poland;WielkaSowa;JO80FQ;SR6DWS B;SR6DWS G;438,462500;DUP-;7,600000;DV;OFF;;Yes;Approximate;50,680000;16,480000;+1:00;438,46250000
48;Poland;GoraSleza;JO80IU;SR6G;;145,625000;DUP-;0,600000;FM;TONE;94,8Hz;Yes;Approximate;50,860000;16,700000;+1:00;145,62500000
48;Poland;Glubczyce;JO80VE;SR6GL;;438,750000;DUP-;7,600000;FM;OFF;;Yes;Approximate;;;+1:00;438,75000000
48;Poland;GoraSzrenica;JO70ST;SR6J;;145,675000;DUP-;0,600000;FM;TONE;67,0Hz;Yes;Approximate;50,790000;15,510000;+1:00;145,67500000
48;Poland;GoraKopa;JO70UR;SR6JG;;438,675000;DUP-;7,600000;FM;TONE;67,0Hz;Yes;Approximate;50,740000;15,720000;+1:00;438,67500000
48;Poland;Jugow;JO80GP;SR6K;;145,737500;DUP-;0,600000;FM;OFF;;Yes;Approximate;50,630000;16,530000;+1:00;145,73750000
48;Poland;WielkaSowa;JO80FQ;SR6LWS;;439,287500;DUP-;7,600000;FM;TONE;94,8Hz;Yes;Approximate;50,680000;16,480000;+1:00;439,28750000
48;Poland;Zmigrod;JO81KL;SR6LZM;;438,600000;DUP-;7,600000;FM;TONE;103,5Hz;Yes;Approximate;51,470000;16,900000;+1:00;438,60000000
48;Poland;GoraSleza;JO80IU;SR6MA;;438,725000;DUP-;7,600000;FM;TONE;94,8Hz;Yes;Approximate;50,860000;16,700000;+1:00;438,72500000
48;Poland;Wroclaw;JO81MD;SR6MRU;;439,300000;DUP-;7,600000;FM;OFF;;Yes;Approximate;51,140000;17,030000;+1:00;439,30000000
48;Poland;NowaRudaSlupiec;JO80GM;SR6NR;;439,425000;DUP-;7,600000;FM;TONE;94,8Hz;Yes;Approximate;50,530000;16,560000;+1:00;439,42500000
48;Poland;Olawa;JO80PW;SR6OA;;438,875000;DUP-;7,600000;FM;TONE;123,0Hz;Yes;Approximate;50,940000;17,300000;+1:00;438,87500000
48;Poland;Olesno;JO90EV;SR6OO;;439,250000;DUP-;7,600000;DV;TONE;123,0Hz;Yes;Approximate;50,880000;18,410000;+1:00;439,25000000
48;Poland;Opole;JO80XQ;SR6OP;;439,325000;DUP-;7,600000;FM;TONE;94,8Hz;Yes;Approximate;50,670000;17,950000;+1:00;439,32500000
48;Poland;Swidnica;JO80FU;SR6PS;;438,800000;DUP-;7,600000;FM;TONE;94,8Hz;Yes;Approximate;50,840000;16,480000;+1:00;438,80000000
48;Poland;Wroclaw;JO81MC;SR6R;;145,600000;DUP-;0,600000;FM;TONE;103,5Hz;Yes;Approximate;51,100000;17,040000;+1:00;145,60000000
48;Poland;WielkaSowa;JO80FQ;SR6S;;145,787500;DUP-;0,600000;FM;TONE;94,8Hz;Yes;Approximate;50,680000;16,480000;+1:00;145,78750000
48;Poland;Boklow;JO80AV;SR6TT;;439,225000;DUP-;7,600000;DV;TONE;67,0Hz;Yes;Approximate;50,910000;16,010000;+1:00;439,22500000
48;Poland;KopaBiskupia;JO80RG;SR6UKB;;439,262500;DUP-;7,600000;DV;TONE;94,8Hz;Yes;Approximate;50,250000;17,420000;+1:00;439,26250000
48;Poland;PrzeleczKarkonoska;JO70TS;SR6UPK B;SR6UPK G;438,537500;DUP-;7,600000;DV;TONE;67,0Hz;Yes;Approximate;50,760000;15,630000;+1:00;438,53750000
48;Poland;ElektrowniaOpole;JO80WS;SR6UVO B;SR6UVO G;439,387500;DUP-;7,600000;DV;TONE;94,8Hz;Yes;Approximate;50,750000;17,880000;+1:00;439,38750000
48;Poland;Wroclaw;JO81MC;SR6UVW B;SR6UVW G;439,012500;DUP-;7,600000;DV;OFF;;Yes;Approximate;51,110000;17,060000;+1:00;439,01250000
48;Poland;Zmigrod;JO81KL;SR6UVX;;439,412500;DUP-;7,600000;DV;TONE;103,5Hz;Yes;Approximate;51,470000;16,900000;+1:00;439,41250000
48;Poland;Olawa;JO80PW;SR6UVY B;SR6UVY G;439,212500;DUP-;7,600000;DV;OFF;;Yes;Approximate;;;+1:00;439,21250000
48;Poland;Walbrzych;JO80DT;SR6W;;145,662500;DUP-;0,600000;FM;TONE;94,8Hz;Yes;Approximate;50,820000;16,270000;+1:00;145,66250000
48;Poland;Walbrzych;JO80DT;SR6WB;;439,362500;DUP-;7,600000;FM;TONE;94,8Hz;Yes;Approximate;;;+1:00;439,36250000
48;Poland;Wroclaw;JO81LC;SR6WR;;438,850000;DUP-;7,600000;FM;TONE;103,5Hz;Yes;Approximate;51,110000;16,950000;+1:00;438,85000000
48;Poland;WielkaSowa;JO80FQ;SR6WS;;438,925000;DUP-;7,600000;FM;TONE;94,8Hz;Yes;Approximate;50,680000;16,480000;+1:00;438,92500000
48;Poland;GoraSwieradowiec;JO70PV;SR6Z;;145,637500;DUP-;0,600000;FM;TONE;67,0Hz;Yes;Approximate;50,880000;15,320000;+1:00;145,63750000
48;Poland;BuskoZdroj;KO00IL;SR7ABZ;;145,275000;DUP-;0,600000;FM;TONE;88,5Hz;Yes;Approximate;;;+1:00;145,27500000
48;Poland;BuskoZdroj;KO00IL;SR7DBZ;;438,562500;DUP-;7,600000;FM;OFF;;Yes;Approximate;;;+1:00;438,56250000
48;Poland;Belchatow;JO91PG;SR7E;;145,762500;DUP-;0,600000;FM;TONE;77,0Hz;Yes;Approximate;51,260000;19,320000;+1:00;145,76250000
48;Poland;BuskoZdroj;KO00JL;SR7KGO;;145,275000;DUP-;0,600000;FM;TONE;88,5Hz;Yes;Approximate;50,470000;20,750000;+1:00;145,27500000
48;Poland;SwietyKrzyz;KO00MU;SR7KI;;438,725000;DUP-;7,600000;FM;TONE;88,5Hz;Yes;Approximate;50,860000;21,040000;+1:00;438,72500000
48;Poland;Kielce;KO00HV;SR7KP;;439,425000;DUP-;7,600000;FM;TONE;88,5Hz;Yes;Approximate;50,890000;20,660000;+1:00;439,42500000
48;Poland;Kutno;JO92QF;SR7KU;;438,925000;DUP-;7,600000;FM;TONE;82,5Hz;Yes;Approximate;52,230000;19,370000;+1:00;438,92500000
48;Poland;Lodz;JO91SS;SR7L;;145,675000;DUP-;0,600000;FM;TONE;77,0Hz;Yes;Approximate;51,770000;19,50000;+1:00;145,67500000
48;Poland;Lodz;JO91SS;SR7LD;;439,075000;DUP-;7,600000;FM;TONE;77,0Hz;Yes;Approximate;51,770000;19,50000;+1:00;439,07500000
48;Poland;Lodz;JO91SS;SR7LDZ;;438,350000;DUP-;7,600000;FM;TONE;77,0Hz;Yes;Approximate;51,770000;19,50000;+1:00;438,35000000
48;Poland;OstrowiecSwietokrzyski;KO00QW;SR7OS;;439,475000;DUP-;7,600000;FM;TONE;71,9Hz;Yes;Approximate;;;+1:00;439,47500000
48;Poland;Baltow;KO01SA;SR7PB;;438,650000;DUP-;7,600000;FM;TONE;118,8Hz;Yes;Approximate;51,010000;21,540000;+1:00;438,65000000
48;Poland;Skierniewice;KO01BX;SR7SC;;439,325000;DUP-;7,600000;FM;TONE;118,8Hz;Yes;Approximate;51,970000;20,140000;+1:00;439,32500000
48;Poland;Sieradz;JO91IO;SR7SI;;438,825000;DUP-;7,600000;FM;TONE;77,0Hz;Yes;Approximate;51,590000;18,690000;+1:00;438,82500000
48;Poland;Staszow;KO00MN;SR7ST;;439,150000;DUP-;7,600000;FM;TONE;110,9Hz;Yes;Approximate;50,550000;21,070000;+1:00;439,15000000
48;Poland;Zlota;KO00HJ;SR7TCW;;438,125000;DUP-;7,600000;FM;OFF;;Yes;Approximate;50,380000;20,590000;+1:00;438,12500000
48;Poland;TomaszowMazowiecki;KO01AN;SR7TM;;438,675000;DUP-;7,600000;FM;TONE;118,8Hz;Yes;Approximate;51,540000;20,040000;+1:00;438,67500000
48;Poland;Lodz;JO91SS;SR7UAL;;438,650000;DUP-;7,600000;DV;OFF;;Yes;Approximate;51,780000;19,530000;+1:00;438,65000000
48;Poland;Skierniewice;KO01BX;SR7USC;;439,250000;DUP-;7,600000;DV;OFF;;Yes;Approximate;51,970000;20,140000;+1:00;439,25000000
48;Poland;TomaszowMazowiecki;KO01AN;SR7UTM;;439,100000;DUP-;7,600000;DV;OFF;;Yes;Approximate;51,540000;20,040000;+1:00;439,10000000
48;Poland;LysaGora;KO00MU;SR7UVK B;SR7UVK G;439,125000;DUP-;7,600000;DV;OFF;;Yes;Approximate;50,860000;21,040000;+1:00;439,12500000
48;Poland;Lodz;JO91SS;SR7UVL B;SR7UVL G;439,450000;DUP-;7,600000;DV;OFF;;Yes;Approximate;51,780000;19,530000;+1:00;439,45000000
48;Poland;GoraKamiensk;JO91RE;SR7UVV;;439,487500;DUP-;7,600000;DV;OFF;;Yes;Approximate;51,200000;19,430000;+1:00;439,48750000
48;Poland;Czastary;JO91DG;SR7UWI;;438,525000;DUP-;7,600000;DV;OFF;;Yes;Approximate;51,250000;18,320000;+1:00;438,52500000
48;Poland;SwietyKrzyz;KO00MU;SR7V;;145,625000;DUP-;0,600000;FM;TONE;88,5Hz;Yes;Approximate;50,860000;21,040000;+1:00;145,62500000
48;Poland;GoraKamiensk;JO91RE;SR7VV;;439,112500;DUP-;7,600000;FM;TONE;77,0Hz;Yes;Approximate;51,200000;19,430000;+1:00;439,11250000
48;Poland;Lodz;JO91RS;SR7Z;;145,600000;DUP-;0,600000;FM;TONE;77,0Hz;Yes;Approximate;;;+1:00;145,60000000
48;Poland;ZdunskaWola;JO91LO;SR7ZD;;438,900000;DUP-;7,600000;FM;TONE;77,0Hz;Yes;Approximate;51,590000;18,970000;+1:00;438,90000000
48;Poland;Zgierz;JO91QU;SR7ZG;;438,950000;DUP-;7,600000;FM;TONE;77,0Hz;Yes;Approximate;51,840000;19,410000;+1:00;438,95000000
48;Poland;Domaradz;KN09XT;SR8AGA;;439,350000;DUP-;7,600000;FM;TONE;103,5Hz;Yes;Approximate;49,810000;21,990000;+1:00;439,35000000
48;Poland;BialaPodlaska;KO12NA;SR8AVB;;439,012500;DUP-;7,600000;DV;OFF;;Yes;Approximate;52,030000;23,140000;+1:00;439,01250000
48;Poland;Lezajsk;KO10EF;SR8B;;145,787500;DUP-;0,600000;FM;TONE;71,9Hz;Yes;Approximate;50,240000;22,400000;+1:00;145,78750000
48;Poland;BereznicaWyzna;KN19EI;SR8BB;;438,875000;DUP-;7,600000;FM;TONE;103,5Hz;Yes;Approximate;49,330000;22,350000;+1:00;438,87500000
48;Poland;BialaPodlaska;KO12MA;SR8BD;;438,875000;DUP-;7,600000;FM;TONE;103,5Hz;Yes;Approximate;52,030000;23,070000;+1:00;438,87500000
48;Poland;ChotyczeLosice;KO12JE;SR8BP;;438,650000;DUP-;7,600000;FM;TONE;79,7Hz;Yes;Approximate;52,180000;22,780000;+1:00;438,65000000
48;Poland;Chelm;KO11RD;SR8CH;;438,675000;DUP-;7,600000;FM;TONE;77,0Hz;Yes;Approximate;51,130000;23,470000;+1:00;438,67500000
48;Poland;ChotyczeLosice;KO12JE;SR8D;;145,650000;DUP-;0,600000;FM;TONE;79,7Hz;Yes;Approximate;52,180000;22,780000;+1:00;145,65000000
48;Poland;Debica;KO00QB;SR8DEF;;438,425000;DUP-;7,600000;FM;TONE;103,5Hz;Yes;Approximate;50,050000;21,390000;+1:00;438,42500000
48;Poland;DrohobyczkaDubiecko;KN19EV;SR8DU;;439,000000;DUP-;7,600000;FM;TONE;71,9Hz;Yes;Approximate;49,880000;22,380000;+1:00;439,00000000
48;Poland;Sanok;KN19CN;SR8ET;;439,200000;DUP-;7,600000;FM;TONE;71,9Hz;Yes;Approximate;49,560000;22,200000;+1:00;439,20000000
48;Poland;Jaroslaw;KO10IA;SR8J;;145,700000;DUP-;0,600000;FM;OFF;;Yes;Approximate;50,000000;22,710000;+1:00;145,70000000
48;Poland;Jaroslaw;KO10IA;SR8JR;;439,250000;DUP-;7,600000;FM;TONE;67,0Hz;Yes;Approximate;50,000000;22,710000;+1:00;439,25000000
48;Poland;Jaslo;KN09QT;SR8JS;;438,800000;DUP-;7,600000;FM;TONE;103,5Hz;Yes;Approximate;49,810000;21,350000;+1:00;438,80000000
48;Poland;DrohobyczkaDubiecko;KN19EV;SR8K;;145,600000;DUP-;0,600000;FM;TONE;71,9Hz;Yes;Approximate;49,880000;22,380000;+1:00;145,60000000
48;Poland;Krosno;KN09VQ;SR8KN;;438,925000;DUP-;7,600000;FM;TONE;103,5Hz;Yes;Approximate;49,690000;21,750000;+1:00;438,92500000
48;Poland;LezajskGiedlarowa;KO10FF;SR8KP;;439,575000;DUP-;7,600000;FM;TONE;71,9Hz;Yes;Approximate;50,220000;22,420000;+1:00;439,57500000
48;Poland;SuchaGora;KN09VS;SR8KR;;438,625000;DUP-;7,600000;FM;TONE;103,5Hz;Yes;Approximate;49,750000;21,810000;+1:00;438,62500000
48;Poland;Lublin;KO11HA;SR8L;;145,675000;DUP-;0,600000;FM;TONE;67,0Hz;Yes;Approximate;51,000000;22,650000;+1:00;145,67500000
48;Poland;Lublin;KO11HA;SR8LBD;;438,575000;DUP-;7,600000;FM;TONE;77,0Hz;Yes;Approximate;51,000000;22,650000;+1:00;438,57500000
48;Poland;Krasnik;KO10BX;SR8LKR;;438,550000;DUP-;7,600000;FM;TONE;67,0Hz;Yes;Approximate;50,960000;22,150000;+1:00;438,55000000
48;Poland;Lubartow;KO11HL;SR8LLB;;439,250000;DUP-;7,600000;FM;TONE;77,0Hz;Yes;Approximate;51,460000;22,600000;+1:00;439,25000000
48;Poland;Swidnik;KO11IF;SR8LSW;;439,025000;DUP-;7,600000;FM;TONE;110,9Hz;Yes;Approximate;51,220000;22,690000;+1:00;439,02500000
48;Poland;Lublin;KO11HF;SR8LU;;439,050000;DUP-;7,600000;FM;TONE;67,0Hz;Yes;Approximate;51,220000;22,620000;+1:00;439,05000000
48;Poland;Lukow;KO11EW;SR8LW;;438,700000;DUP-;7,600000;FM;TONE;67,0Hz;Yes;Approximate;51,920000;22,360000;+1:00;438,70000000
48;Poland;Przemysl;KN19JS;SR8NP;;145,762500;DUP-;0,600000;FM;TONE;186,2Hz;Yes;Approximate;49,760000;22,750000;+1:00;145,76250000
48;Poland;Kazimierz Dolny;KO01XH;SR8PL;;439,087500;DUP-;7,600000;FM;TONE;118,8Hz;Yes;Approximate;51,320000;21,960000;+1:00;439,08750000
48;Poland;Urszulin;KO11OI;SR8PPN;;438,900000;DUP-;7,600000;FM;TONE;67,0Hz;Yes;Approximate;51,370000;23,230000;+1:00;438,90000000
48;Poland;KazimierzDolny;KO01XH;SR8PU;;438,850000;DUP-;7,600000;FM;TONE;118,8Hz;Yes;Approximate;51,320000;21,960000;+1:00;438,85000000
48;Poland;Rzeszow;KO00XB;SR8R;;145,675000;DUP-;0,600000;FM;TONE;71,9Hz;Yes;Approximate;50,040000;21,970000;+1:00;145,67500000
48;Poland;Boguchwala;KN09XX;SR8RSC;;145,287500;DUP-;0,600000;FM;TONE;71,9Hz;Yes;Approximate;49,990000;21,940000;+1:00;145,28750000
48;Poland;Rzeszow;KN19AX;SR8RZ;;439,250000;DUP-;7,600000;FM;TONE;71,9Hz;Yes;Approximate;;;+1:00;439,25000000
48;Poland;Swidnik;KO11IF;SR8S;;145,712500;DUP-;0,600000;FM;TONE;123,0Hz;Yes;Approximate;51,210000;22,700000;+1:00;145,71250000
48;Poland;Swidnik;KO11IF;SR8SD;;439,325000;DUP-;7,600000;FM;TONE;123,0Hz;Yes;Approximate;51,210000;22,700000;+1:00;439,32500000
48;Poland;Baligrod;KN19DI;SR8U;;145,687500;DUP-;0,600000;FM;OFF;;Yes;Approximate;49,330000;22,290000;+1:00;145,68750000
48;Poland;Chotycze;KO12JE;SR8UVB;;439,412500;DUP-;7,600000;DV;OFF;;Yes;Approximate;52,180000;22,780000;+1:00;439,41250000
48;Poland;Lublin;KO11HF;SR8UVL;;438,825000;DUP-;7,600000;DV;OFF;;Yes;Approximate;51,220000;22,620000;+1:00;438,82500000
48;Poland;KazimierzDolny;KO01XH;SR8UVP;;439,462500;DUP-;7,600000;DV;OFF;;Yes;Approximate;51,320000;21,960000;+1:00;439,46250000
48;Poland;Swidnik;KO11IF;SR8UVS;;438,325000;DUP-;7,600000;DV;OFF;;Yes;Approximate;51,210000;22,700000;+1:00;438,32500000
48;Poland;Wlodawa;KO11SN;SR8UWD;;438,512500;DUP-;7,600000;DV;OFF;;Yes;Approximate;51,550000;23,550000;+1:00;438,51250000
48;Poland;Jaslo;KN09QT;SR8V;;145,612500;DUP-;0,600000;FM;TONE;103,5Hz;Yes;Approximate;49,810000;21,350000;+1:00;145,61250000
48;Poland;Wlodawa;KO11SN;SR8WD;;438,975000;DUP-;7,600000;FM;TONE;103,5Hz;Yes;Approximate;51,540000;23,540000;+1:00;438,97500000
48;Poland;Feliksowka;KO10PO;SR8Z;;145,750000;DUP-;0,600000;FM;TONE;77,0Hz;Yes;Approximate;50,600000;23,260000;+1:00;145,75000000
48;Poland;Feliksowka;KO10PO;SR8ZA;;439,275000;DUP-;7,600000;FM;TONE;77,0Hz;Yes;Approximate;50,600000;23,260000;+1:00;439,27500000
48;Poland;GoraWalTarnow;KN09KV;SR9A;;145,775000;DUP-;0,600000;FM;OFF;;Yes;Approximate;49,880000;20,910000;+1:00;145,77500000
48;Poland;GoraLubomir;KN09AS;SR9AE;;438,825000;DUP-;7,600000;FM;TONE;103,5Hz;Yes;Approximate;49,760000;20,050000;+1:00;438,82500000
48;Poland;GoraZar;JN99OS;SR9ASR;;438,300000;DUP-;7,600000;FM;TONE;74,4Hz;Yes;Approximate;49,780000;19,220000;+1:00;438,30000000
48;Poland;GoraSzyndzielnia;JN99MS;SR9BSR;;438,250000;DUP-;7,600000;FM;TONE;74,4Hz;Yes;Approximate;49,760000;19,000000;+1:00;438,25000000
48;Poland;Czestochowa;JO90NT;SR9CZ;;439,175000;DUP-;7,600000;DV;OFF;;Yes;Approximate;50,810000;19,120000;+1:00;439,17500000
48;Poland;Czestochowa;JO90NS;SR9CZC;;145,337500;DUP-;0,600000;FM;TONE;107,2Hz;Yes;Approximate;50,780000;19,120000;+1:00;145,33750000
48;Poland;Czestochowa;JO90NU;SR9CZE;;439,562500;DUP-;7,600000;FM;TONE;67,0Hz;Yes;Approximate;50,840000;19,130000;+1:00;439,56250000
48;Poland;Wegrzce;JO90XC;SR9DV;;438,325000;DUP-;7,600000;DV;TONE;67,0Hz;Yes;Approximate;50,110000;19,960000;+1:00;438,32500000
48;Poland;Bytom;JO90KI;SR9DX;;145,575000;DUP-;0,600000;FM;TONE;71,9Hz;Yes;Approximate;;;+1:00;145,57500000
48;Poland;SiemianowiceSlaskie;JO90MH;SR9E;;145,725000;DUP-;0,600000;FM;TONE;71,9Hz;Yes;Approximate;50,290000;19,000000;+1:00;145,72500000
48;Poland;Gliwice;JO90HG;SR9GC;;438,925000;DUP-;7,600000;FM;OFF;;Yes;Approximate;;;+1:00;438,92500000
48;Poland;Gorlice;KN09NP;SR9GR;;438,537500;DUP-;7,600000;DV;TONE;162,2Hz;Yes;Approximate;49,660000;21,150000;+1:00;438,53750000
48;Poland;Czestochowa;JO90NT;SR9J;;145,787500;DUP-;0,600000;FM;TONE;123,0Hz;Yes;Approximate;50,810000;19,120000;+1:00;145,78750000
48;Poland;Wlodowice;JO90RM;SR9JK;;438,800000;DUP-;7,600000;FM;TONE;94,8Hz;Yes;Approximate;50,530000;19,420000;+1:00;438,80000000
48;Poland;Siercza;KN09AX;SR9K;;145,750000;DUP-;0,600000;FM;TONE;103,5Hz;Yes;Approximate;49,970000;20,030000;+1:00;145,75000000
48;Poland;Sosnowiec;JO90OH;SR9KD;;438,950000;DUP-;7,600000;FM;TONE;71,9Hz;Yes;Approximate;50,310000;19,190000;+1:00;438,95000000
48;Poland;KrupskiMlyn;JO90HN;SR9KM;;438,975000;DUP-;7,600000;FM;TONE;71,9Hz;Yes;Approximate;;;+1:00;438,97500000
48;Poland;Krakow;JO90XB;SR9KR;;439,275000;DUP-;7,600000;DV;OFF;;Yes;Approximate;50,060000;19,940000;+1:00;439,27500000
48;Poland;Siercza;KN09AX;SR9KS;;438,900000;DUP-;7,600000;FM;TONE;103,5Hz;Yes;Approximate;49,970000;20,030000;+1:00;438,90000000
48;Poland;LimanowaLipowe;KN09EQ;SR9L;;145,687500;DUP-;0,600000;FM;TONE;107,2Hz;Yes;Approximate;49,700000;20,400000;+1:00;145,68750000
48;Poland;Lubiecko;JO90HQ;SR9LC;;438,700000;DUP-;7,600000;FM;TONE;71,9Hz;Yes;Approximate;50,690000;18,640000;+1:00;438,70000000
48;Poland;Pasierbiec;KN09ES;SR9LI;;438,675000;DUP-;7,600000;FM;OFF;;Yes;Approximate;49,770000;20,380000;+1:00;438,67500000
48;Poland;KrynicaZdroj;KN09KK;SR9NJ;;438,700000;DUP-;7,600000;FM;TONE;103,5Hz;Yes;Approximate;49,410000;20,890000;+1:00;438,70000000
48;Poland;GoraPrzehyba;KN09GL;SR9NP;;438,937500;DUP-;7,600000;FM;TONE;107,2Hz;Yes;Approximate;49,460000;20,550000;+1:00;438,93750000
48;Poland;NowySacz;KN09IP;SR9NS;;439,225000;DUP-;7,600000;FM;TONE;107,2Hz;Yes;Approximate;49,630000;20,730000;+1:00;439,22500000
48;Poland;Dabrowa;KO00CA;SR9OA;;438,750000;DUP-;7,600000;FM;TONE;107,2Hz;Yes;Approximate;50,000000;20,240000;+1:00;438,75000000
48;Poland;GoraKoskowa;JN99VS;SR9P;;145,662500;DUP-;0,600000;FM;TONE;103,5Hz;Yes;Approximate;49,750000;19,780000;+1:00;145,66250000
48;Poland;GoraKoskowa;JN99VS;SR9PC;;438,850000;DUP-;7,600000;FM;TONE;103,5Hz;Yes;Approximate;49,750000;19,780000;+1:00;438,85000000
48;Poland;Pszow;JO90EA;SR9PS;;439,250000;DUP-;7,600000;FM;TONE;67,0Hz;Yes;Approximate;50,030000;18,400000;+1:00;439,25000000
48;Poland;Mordarka;KN09FR;SR9RT;;145,637500;DUP-;0,600000;FM;TONE;103,5Hz;Yes;Approximate;49,710000;20,450000;+1:00;145,63750000
48;Poland;Wola;JO90NA;SR9S;;145,775000;DUP-;0,600000;FM;TONE;67,0Hz;Yes;Approximate;50,010000;19,100000;+1:00;145,77500000
48;Poland;Wola;JO90NA;SR9S;;439,412500;DUP-;7,600000;FM;TONE;67,0Hz;Yes;Approximate;50,010000;19,100000;+1:00;439,41250000
48;Poland;Cieszyn;JN99HR;SR9SC;;438,962500;DUP-;7,600000;FM;TONE;67,0Hz;Yes;Approximate;49,730000;18,630000;+1:00;438,96250000
48;Poland;Skrzyczne;JN99MQ;SR9SK;;439,375000;DUP-;7,600000;FM;TONE;67,0Hz;Yes;Approximate;49,680000;19,020000;+1:00;439,37500000
48;Poland;SiemianowiceSlaskie;JO90MH;SR9SS;;439,100000;DUP-;7,600000;FM;TONE;71,9Hz;Yes;Approximate;50,290000;19,000000;+1:00;439,10000000
48;Poland;GoraWal;KN09KV;SR9TB;;438,775000;DUP-;7,600000;FM;TONE;103,5Hz;Yes;Approximate;49,880000;20,910000;+1:00;438,77500000
48;Poland;PcimKudlacze;KN09AS;SR9TM;;438,512500;DUP-;7,600000;DV;TONE;103,5Hz;Yes;Approximate;49,780000;20,020000;+1:00;438,51250000
48;Poland;Wlodowice;JO90RN;SR9UV;;439,337500;DUP-;7,600000;DV;OFF;;Yes;Approximate;50,550000;19,470000;+1:00;439,33750000
48;Poland;KrynicaZdroj;KN09KK;SR9UVJ B;SR9UVJ G;439,500000;DUP-;7,600000;DV;OFF;;Yes;Approximate;49,410000;20,890000;+1:00;439,50000000
48;Poland;KrynicaZdroj;KN09KK;SR9UVJ C;SR9UVJ G;145,787500;DUP-;0,600000;DV;OFF;;Yes;Approximate;49,410000;20,890000;+1:00;145,78750000
48;Poland;GoraKoskowa;JN99VS;SR9UVP;;439,362500;DUP-;7,600000;DV;OFF;;Yes;Approximate;49,750000;19,780000;+1:00;439,36250000
48;Poland;GoraGubalowka;JN99XH;SR9UVZ;;439,200000;DUP-;7,600000;DV;OFF;;Yes;Approximate;49,300000;19,930000;+1:00;439,20000000
48;Poland;Lichwin;KN09LV;SR9VVO;;439,437500;DUP-;7,600000;DV;OFF;;Yes;Approximate;49,890000;20,920000;+1:00;439,43750000
48;Poland;GoraGubalowka;JN99XH;SR9X;;145,700000;DUP-;0,600000;FM;OFF;;Yes;Approximate;49,300000;19,930000;+1:00;145,70000000
48;Poland;Przehyba;KN09GL;SR9Z;;145,737500;DUP-;0,600000;FM;TONE;107,2Hz;Yes;Approximate;49,460000;20,550000;+1:00;145,73750000
48;Poland;Koscielisko;JN99WG;SR9ZAC;;145,287500;DUP-;0,600000;FM;TONE;107,2Hz;Yes;Approximate;49,270000;19,870000;+1:00;145,28750000
48;Poland;GoraZar;JN99OS;SR9ZAR;;439,537500;DUP-;7,600000;FM;TONE;67,0Hz;Yes;Approximate;49,780000;19,220000;+1:00;439,53750000
48;Poland;Bedzin;JO90NH;SR9ZHP;;145,287500;DUP-;0,600000;FM;TONE;127,3Hz;Yes;Approximate;;;+1:00;145,28750000
